{"cameraMode":{"drawMode":0,"name":"Shaded","section":"Shading Mode"},"sceneLighting":false,"audioPlay":false,"sceneViewState":{"showFog":true,"showMaterialUpdate":true,"showSkybox":true,"showFlares":true,"showImageEffects":true,"showParticleSystems":true},"in2DMode":false,"pivot":{"x":6.741461753845215,"y":-7.354183197021484,"z":9.814220428466797},"rotation":{"x":-0.22906525433063508,"y":-0.463958740234375,"z":0.12566880881786347,"w":-0.8465785980224609},"size":28.680936813354493,"orthographic":false}